{
  "project_info": {
    "project_number": "997041840682",
    "firebase_url": "https://liveness-prototype.firebaseio.com",
    "project_id": "liveness-prototype",
    "storage_bucket": "liveness-prototype.appspot.com"
  },
  "client": [
    {
      "client_info": {
        "mobilesdk_app_id": "1:997041840682:android:07a22213b021296bc95953",
        "android_client_info": {
          "package_name": "com.aws.nosechallenge"
        }
      },
      "oauth_client": [
        {
          "client_id": "997041840682-uptscs4ckbfi9g6hifec08dr8ltgv4pa.apps.googleusercontent.com",
          "client_type": 3
        }
      ],
      "api_key": [
        {
          "current_key": "AIzaSyCq8a6h9kxXIpJhNnq4PGDxLQDIJn4cqmk"
        }
      ],
      "services": {
        "appinvite_service": {
          "other_platform_oauth_client": [
            {
              "client_id": "997041840682-uptscs4ckbfi9g6hifec08dr8ltgv4pa.apps.googleusercontent.com",
              "client_type": 3
            }
          ]
        }
      }
    },
    {
      "client_info": {
        "mobilesdk_app_id": "1:997041840682:android:cf833288ab18b7b5c95953",
        "android_client_info": {
          "package_name": "com.google.firebase.samples.apps.mlkit"
        }
      },
      "oauth_client": [
        {
          "client_id": "997041840682-uptscs4ckbfi9g6hifec08dr8ltgv4pa.apps.googleusercontent.com",
          "client_type": 3
        }
      ],
      "api_key": [
        {
          "current_key": "AIzaSyCq8a6h9kxXIpJhNnq4PGDxLQDIJn4cqmk"
        }
      ],
      "services": {
        "appinvite_service": {
          "other_platform_oauth_client": [
            {
              "client_id": "997041840682-uptscs4ckbfi9g6hifec08dr8ltgv4pa.apps.googleusercontent.com",
              "client_type": 3
            }
          ]
        }
      }
    }
  ],
  "configuration_version": "1"
}