{"v":"5.6.5","fr":29.9700012207031,"ip":0,"op":50.0000020365418,"w":500,"h":500,"nm":"Step 2 - Help - Clipped","ddd":0,"assets":[{"id":"comp_0","layers":[{"ddd":0,"ind":1,"ty":4,"nm":"Target","sr":1,"ks":{"o":{"a":0,"k":100,"ix":11},"r":{"a":0,"k":0,"ix":10},"p":{"a":0,"k":[192,228,0],"ix":2},"a":{"a":0,"k":[-81,-107,0],"ix":1},"s":{"a":1,"k":[{"i":{"x":[0.833,0.833,0.833],"y":[0.833,0.833,0.833]},"o":{"x":[0.167,0.167,0.167],"y":[0.167,0.167,0.167]},"t":17,"s":[100,100,100]},{"i":{"x":[0.833,0.833,0.833],"y":[0.833,0.833,0.833]},"o":{"x":[0.167,0.167,0.167],"y":[0.167,0.167,0.167]},"t":22,"s":[134,134,100]},{"t":27.0000010997325,"s":[0,0,100]}],"ix":6,"x":"var $bm_rt;\nvar p = 0.8;\nvar a = 50;\nvar s = 1.70158;\nfunction easeandwizz_inOutQuad(t, b, c, d) {\n    if ((t /= d / 2) < 1)\n        return $bm_sum($bm_mul($bm_mul($bm_div(c, 2), t), t), b);\n    return $bm_sum($bm_mul($bm_div($bm_neg(c), 2), $bm_sub($bm_mul(--t, $bm_sub(t, 2)), 1)), b);\n}\nfunction easeAndWizz() {\n    var t, d, sX, eX, sY, eY, sZ, eZ, val1, val2, val2, val3;\n    var n = 0;\n    if (numKeys > 0) {\n        n = nearestKey(time).index;\n        if (key(n).time > time) {\n            n--;\n        }\n    }\n    if (n > 1 && n < numKeys - 1) {\n        return null;\n    }\n    try {\n        var key1 = key(n);\n        var key2 = key($bm_sum(n, 1));\n    } catch (e) {\n        return null;\n    }\n    var dim = 1;\n    try {\n        key(1)[1].length;\n        dim = 2;\n        key(1)[2].length;\n        dim = 3;\n    } catch (e) {\n    }\n    t = $bm_sub(time, key1.time);\n    d = $bm_sub(key2.time, key1.time);\n    sX = key1[0];\n    eX = $bm_sub(key2[0], key1[0]);\n    if (dim >= 2) {\n        sY = key1[1];\n        eY = $bm_sub(key2[1], key1[1]);\n        if (dim >= 3) {\n            sZ = key1[2];\n            eZ = $bm_sub(key2[2], key1[2]);\n        }\n    }\n    if (time < key1.time || time > key2.time) {\n        return value;\n    } else {\n        val1 = easeandwizz_inOutQuad(t, sX, eX, d, a, p, s);\n        switch (dim) {\n        case 1:\n            return val1;\n            break;\n        case 2:\n            val2 = easeandwizz_inOutQuad(t, sY, eY, d, a, p, s);\n            return [\n                val1,\n                val2\n            ];\n            break;\n        case 3:\n            val2 = easeandwizz_inOutQuad(t, sY, eY, d, a, p, s);\n            val3 = easeandwizz_inOutQuad(t, sZ, eZ, d, a, p, s);\n            return [\n                val1,\n                val2,\n                val3\n            ];\n            break;\n        default:\n            return null;\n        }\n    }\n}\n$bm_rt = easeAndWizz() || value;"}},"ao":0,"shapes":[{"ty":"gr","it":[{"d":1,"ty":"el","s":{"a":0,"k":[29.191,29.191],"ix":2},"p":{"a":0,"k":[0,0],"ix":3},"nm":"Ellipse Path 1","mn":"ADBE Vector Shape - Ellipse","hd":false},{"ty":"st","c":{"a":0,"k":[1,1,1,1],"ix":3},"o":{"a":0,"k":100,"ix":4},"w":{"a":0,"k":7,"ix":5},"lc":1,"lj":1,"ml":4,"bm":0,"d":[{"n":"d","nm":"dash","v":{"a":1,"k":[{"i":{"x":[0.833],"y":[0.833]},"o":{"x":[0.167],"y":[0.167]},"t":0,"s":[5]},{"i":{"x":[0.833],"y":[0.833]},"o":{"x":[0.167],"y":[0.167]},"t":12,"s":[5]},{"t":22.0000008960784,"s":[137]}],"ix":1}},{"n":"o","nm":"offset","v":{"a":1,"k":[{"i":{"x":[0.833],"y":[0.833]},"o":{"x":[0.167],"y":[0.167]},"t":0,"s":[0]},{"t":70.0000028511585,"s":[54]}],"ix":7}}],"nm":"Stroke 1","mn":"ADBE Vector Graphic - Stroke","hd":false},{"ty":"tr","p":{"a":0,"k":[-81.404,-106.404],"ix":2},"a":{"a":0,"k":[0,0],"ix":1},"s":{"a":0,"k":[100,100],"ix":3},"r":{"a":0,"k":0,"ix":6},"o":{"a":0,"k":100,"ix":7},"sk":{"a":0,"k":0,"ix":4},"sa":{"a":0,"k":0,"ix":5},"nm":"Transform"}],"nm":"Ellipse 1","np":2,"cix":2,"bm":0,"ix":1,"mn":"ADBE Vector Group","hd":false}],"ip":0,"op":121.000004928431,"st":0,"bm":0},{"ddd":0,"ind":2,"ty":4,"nm":"Nose","parent":8,"sr":1,"ks":{"o":{"a":0,"k":100,"ix":11},"r":{"a":1,"k":[{"i":{"x":[0.833],"y":[0.833]},"o":{"x":[0.167],"y":[0.167]},"t":0,"s":[0]},{"i":{"x":[0.833],"y":[0.833]},"o":{"x":[0.167],"y":[0.167]},"t":10,"s":[11]},{"i":{"x":[0.833],"y":[0.833]},"o":{"x":[0.167],"y":[0.167]},"t":25,"s":[11]},{"t":40.0000016292334,"s":[0]}],"ix":10,"x":"var $bm_rt;\nvar p = 0.8;\nvar a = 50;\nvar s = 1.70158;\nfunction easeandwizz_inOutQuad(t, b, c, d) {\n    if ((t /= d / 2) < 1)\n        return $bm_sum($bm_mul($bm_mul($bm_div(c, 2), t), t), b);\n    return $bm_sum($bm_mul($bm_div($bm_neg(c), 2), $bm_sub($bm_mul(--t, $bm_sub(t, 2)), 1)), b);\n}\nfunction easeAndWizz() {\n    var t, d, sX, eX, sY, eY, sZ, eZ, val1, val2, val2, val3;\n    var n = 0;\n    if (numKeys > 0) {\n        n = nearestKey(time).index;\n        if (key(n).time > time) {\n            n--;\n        }\n    }\n    try {\n        var key1 = key(n);\n        var key2 = key($bm_sum(n, 1));\n    } catch (e) {\n        return null;\n    }\n    var dim = 1;\n    try {\n        key(1)[1].length;\n        dim = 2;\n        key(1)[2].length;\n        dim = 3;\n    } catch (e) {\n    }\n    t = $bm_sub(time, key1.time);\n    d = $bm_sub(key2.time, key1.time);\n    sX = key1[0];\n    eX = $bm_sub(key2[0], key1[0]);\n    if (dim >= 2) {\n        sY = key1[1];\n        eY = $bm_sub(key2[1], key1[1]);\n        if (dim >= 3) {\n            sZ = key1[2];\n            eZ = $bm_sub(key2[2], key1[2]);\n        }\n    }\n    if (time < key1.time || time > key2.time) {\n        return value;\n    } else {\n        val1 = easeandwizz_inOutQuad(t, sX, eX, d, a, p, s);\n        switch (dim) {\n        case 1:\n            return val1;\n            break;\n        case 2:\n            val2 = easeandwizz_inOutQuad(t, sY, eY, d, a, p, s);\n            return [\n                val1,\n                val2\n            ];\n            break;\n        case 3:\n            val2 = easeandwizz_inOutQuad(t, sY, eY, d, a, p, s);\n            val3 = easeandwizz_inOutQuad(t, sZ, eZ, d, a, p, s);\n            return [\n                val1,\n                val2,\n                val3\n            ];\n            break;\n        default:\n            return null;\n        }\n    }\n}\n$bm_rt = easeAndWizz() || value;"},"p":{"a":1,"k":[{"i":{"x":0.833,"y":0.833},"o":{"x":0.167,"y":0.167},"t":0,"s":[2,-55,0],"to":[-4.733,-0.258,0],"ti":[4.733,0.258,0]},{"i":{"x":0.833,"y":0.833},"o":{"x":0.167,"y":0.167},"t":10,"s":[-26.401,-56.55,0],"to":[0,0,0],"ti":[0,0,0]},{"i":{"x":0.833,"y":0.833},"o":{"x":0.167,"y":0.167},"t":25,"s":[-26.401,-56.55,0],"to":[4.733,0.258,0],"ti":[-4.733,-0.258,0]},{"t":40.0000016292334,"s":[2,-55,0]}],"ix":2,"x":"var $bm_rt;\nvar p = 0.8;\nvar a = 50;\nvar s = 1.70158;\nfunction easeandwizz_inOutQuad(t, b, c, d) {\n    if ((t /= d / 2) < 1)\n        return $bm_sum($bm_mul($bm_mul($bm_div(c, 2), t), t), b);\n    return $bm_sum($bm_mul($bm_div($bm_neg(c), 2), $bm_sub($bm_mul(--t, $bm_sub(t, 2)), 1)), b);\n}\nfunction easeAndWizz() {\n    var t, d, sX, eX, sY, eY, sZ, eZ, val1, val2, val2, val3;\n    var n = 0;\n    if (numKeys > 0) {\n        n = nearestKey(time).index;\n        if (key(n).time > time) {\n            n--;\n        }\n    }\n    try {\n        var key1 = key(n);\n        var key2 = key($bm_sum(n, 1));\n    } catch (e) {\n        return null;\n    }\n    var dim = 1;\n    try {\n        key(1)[1].length;\n        dim = 2;\n        key(1)[2].length;\n        dim = 3;\n    } catch (e) {\n    }\n    t = $bm_sub(time, key1.time);\n    d = $bm_sub(key2.time, key1.time);\n    sX = key1[0];\n    eX = $bm_sub(key2[0], key1[0]);\n    if (dim >= 2) {\n        sY = key1[1];\n        eY = $bm_sub(key2[1], key1[1]);\n        if (dim >= 3) {\n            sZ = key1[2];\n            eZ = $bm_sub(key2[2], key1[2]);\n        }\n    }\n    if (time < key1.time || time > key2.time) {\n        return value;\n    } else {\n        val1 = easeandwizz_inOutQuad(t, sX, eX, d, a, p, s);\n        switch (dim) {\n        case 1:\n            return val1;\n            break;\n        case 2:\n            val2 = easeandwizz_inOutQuad(t, sY, eY, d, a, p, s);\n            return [\n                val1,\n                val2\n            ];\n            break;\n        case 3:\n            val2 = easeandwizz_inOutQuad(t, sY, eY, d, a, p, s);\n            val3 = easeandwizz_inOutQuad(t, sZ, eZ, d, a, p, s);\n            return [\n                val1,\n                val2,\n                val3\n            ];\n            break;\n        default:\n            return null;\n        }\n    }\n}\n$bm_rt = easeAndWizz() || value;"},"a":{"a":0,"k":[2,-44,0],"ix":1},"s":{"a":0,"k":[100,100,100],"ix":6}},"ao":0,"shapes":[{"ty":"gr","it":[{"ind":0,"ty":"sh","ix":1,"ks":{"a":0,"k":{"i":[[0,0],[0,0],[0,0],[-2.865,0.932],[0,0]],"o":[[0,0],[0,0],[2.891,0.847],[0,0],[0,0]],"v":[[0.11,-24.049],[-18.29,19.181],[-4.549,23.202],[4.286,23.072],[18.29,18.516]],"c":true},"ix":2},"nm":"Path 1","mn":"ADBE Vector Shape - Group","hd":false},{"ty":"fl","c":{"a":0,"k":[0.914606610466,0.159194886451,0.055813235863,1],"ix":4},"o":{"a":0,"k":100,"ix":5},"r":1,"bm":0,"nm":"Fill 1","mn":"ADBE Vector Graphic - Fill","hd":false},{"ty":"tr","p":{"a":0,"k":[2.342,-35.915],"ix":2},"a":{"a":0,"k":[0,0],"ix":1},"s":{"a":0,"k":[100,100],"ix":3},"r":{"a":0,"k":0,"ix":6},"o":{"a":0,"k":100,"ix":7},"sk":{"a":0,"k":0,"ix":4},"sa":{"a":0,"k":0,"ix":5},"nm":"Transform"}],"nm":"Group 6","np":2,"cix":2,"bm":0,"ix":1,"mn":"ADBE Vector Group","hd":false}],"ip":0,"op":121.000004928431,"st":0,"bm":0},{"ddd":0,"ind":3,"ty":4,"nm":"Mouth","parent":8,"sr":1,"ks":{"o":{"a":0,"k":100,"ix":11},"r":{"a":1,"k":[{"i":{"x":[0.833],"y":[0.833]},"o":{"x":[0.167],"y":[0.167]},"t":0,"s":[0]},{"i":{"x":[0.833],"y":[0.833]},"o":{"x":[0.167],"y":[0.167]},"t":10,"s":[8]},{"i":{"x":[0.833],"y":[0.833]},"o":{"x":[0.167],"y":[0.167]},"t":25,"s":[8]},{"t":40.0000016292334,"s":[0]}],"ix":10,"x":"var $bm_rt;\nvar p = 0.8;\nvar a = 50;\nvar s = 1.70158;\nfunction easeandwizz_inOutQuad(t, b, c, d) {\n    if ((t /= d / 2) < 1)\n        return $bm_sum($bm_mul($bm_mul($bm_div(c, 2), t), t), b);\n    return $bm_sum($bm_mul($bm_div($bm_neg(c), 2), $bm_sub($bm_mul(--t, $bm_sub(t, 2)), 1)), b);\n}\nfunction easeAndWizz() {\n    var t, d, sX, eX, sY, eY, sZ, eZ, val1, val2, val2, val3;\n    var n = 0;\n    if (numKeys > 0) {\n        n = nearestKey(time).index;\n        if (key(n).time > time) {\n            n--;\n        }\n    }\n    try {\n        var key1 = key(n);\n        var key2 = key($bm_sum(n, 1));\n    } catch (e) {\n        return null;\n    }\n    var dim = 1;\n    try {\n        key(1)[1].length;\n        dim = 2;\n        key(1)[2].length;\n        dim = 3;\n    } catch (e) {\n    }\n    t = $bm_sub(time, key1.time);\n    d = $bm_sub(key2.time, key1.time);\n    sX = key1[0];\n    eX = $bm_sub(key2[0], key1[0]);\n    if (dim >= 2) {\n        sY = key1[1];\n        eY = $bm_sub(key2[1], key1[1]);\n        if (dim >= 3) {\n            sZ = key1[2];\n            eZ = $bm_sub(key2[2], key1[2]);\n        }\n    }\n    if (time < key1.time || time > key2.time) {\n        return value;\n    } else {\n        val1 = easeandwizz_inOutQuad(t, sX, eX, d, a, p, s);\n        switch (dim) {\n        case 1:\n            return val1;\n            break;\n        case 2:\n            val2 = easeandwizz_inOutQuad(t, sY, eY, d, a, p, s);\n            return [\n                val1,\n                val2\n            ];\n            break;\n        case 3:\n            val2 = easeandwizz_inOutQuad(t, sY, eY, d, a, p, s);\n            val3 = easeandwizz_inOutQuad(t, sZ, eZ, d, a, p, s);\n            return [\n                val1,\n                val2,\n                val3\n            ];\n            break;\n        default:\n            return null;\n        }\n    }\n}\n$bm_rt = easeAndWizz() || value;"},"p":{"a":1,"k":[{"i":{"x":0.833,"y":0.833},"o":{"x":0.167,"y":0.167},"t":0,"s":[1,1,0],"to":[-5.851,0.215,0],"ti":[5.851,-0.215,0]},{"i":{"x":0.833,"y":0.833},"o":{"x":0.167,"y":0.167},"t":10,"s":[-34.105,2.288,0],"to":[0,0,0],"ti":[0,0,0]},{"i":{"x":0.833,"y":0.833},"o":{"x":0.167,"y":0.167},"t":25,"s":[-34.105,2.288,0],"to":[5.851,-0.215,0],"ti":[-5.851,0.215,0]},{"t":40.0000016292334,"s":[1,1,0]}],"ix":2,"x":"var $bm_rt;\nvar p = 0.8;\nvar a = 50;\nvar s = 1.70158;\nfunction easeandwizz_inOutQuad(t, b, c, d) {\n    if ((t /= d / 2) < 1)\n        return $bm_sum($bm_mul($bm_mul($bm_div(c, 2), t), t), b);\n    return $bm_sum($bm_mul($bm_div($bm_neg(c), 2), $bm_sub($bm_mul(--t, $bm_sub(t, 2)), 1)), b);\n}\nfunction easeAndWizz() {\n    var t, d, sX, eX, sY, eY, sZ, eZ, val1, val2, val2, val3;\n    var n = 0;\n    if (numKeys > 0) {\n        n = nearestKey(time).index;\n        if (key(n).time > time) {\n            n--;\n        }\n    }\n    try {\n        var key1 = key(n);\n        var key2 = key($bm_sum(n, 1));\n    } catch (e) {\n        return null;\n    }\n    var dim = 1;\n    try {\n        key(1)[1].length;\n        dim = 2;\n        key(1)[2].length;\n        dim = 3;\n    } catch (e) {\n    }\n    t = $bm_sub(time, key1.time);\n    d = $bm_sub(key2.time, key1.time);\n    sX = key1[0];\n    eX = $bm_sub(key2[0], key1[0]);\n    if (dim >= 2) {\n        sY = key1[1];\n        eY = $bm_sub(key2[1], key1[1]);\n        if (dim >= 3) {\n            sZ = key1[2];\n            eZ = $bm_sub(key2[2], key1[2]);\n        }\n    }\n    if (time < key1.time || time > key2.time) {\n        return value;\n    } else {\n        val1 = easeandwizz_inOutQuad(t, sX, eX, d, a, p, s);\n        switch (dim) {\n        case 1:\n            return val1;\n            break;\n        case 2:\n            val2 = easeandwizz_inOutQuad(t, sY, eY, d, a, p, s);\n            return [\n                val1,\n                val2\n            ];\n            break;\n        case 3:\n            val2 = easeandwizz_inOutQuad(t, sY, eY, d, a, p, s);\n            val3 = easeandwizz_inOutQuad(t, sZ, eZ, d, a, p, s);\n            return [\n                val1,\n                val2,\n                val3\n            ];\n            break;\n        default:\n            return null;\n        }\n    }\n}\n$bm_rt = easeAndWizz() || value;"},"a":{"a":0,"k":[0,14,0],"ix":1},"s":{"a":0,"k":[100,100,100],"ix":6}},"ao":0,"shapes":[{"ty":"gr","it":[{"ind":0,"ty":"sh","ix":1,"ks":{"a":1,"k":[{"i":{"x":0.833,"y":0.833},"o":{"x":0.167,"y":0.167},"t":0,"s":[{"i":[[0.047,-8.815],[-13.223,-0.07],[-0.047,8.815],[13.223,0.071]],"o":[[-0.047,8.815],[13.224,0.07],[0.047,-8.816],[-13.223,-0.07]],"v":[[-23.943,-3.673],[-0.086,12.418],[23.943,-3.416],[0.798,-3.54]],"c":true}]},{"i":{"x":0.758,"y":0.733},"o":{"x":0.167,"y":0.167},"t":10,"s":[{"i":[[1.961,-3.297],[-6.299,0.504],[2.754,4.642],[6.539,-0.392]],"o":[[0.263,3.887],[8.382,-0.671],[-0.831,-1.401],[-3.939,0.236]],"v":[[-20.067,-7.558],[-7.366,-3.965],[6.971,-11.378],[-7.614,-8.533]],"c":true}]},{"i":{"x":0.096,"y":0.371},"o":{"x":0.196,"y":0.232},"t":25,"s":[{"i":[[1.961,-3.297],[-6.299,0.504],[2.754,4.642],[6.539,-0.392]],"o":[[0.263,3.887],[8.382,-0.671],[-0.831,-1.401],[-3.939,0.236]],"v":[[-20.067,-7.558],[-7.366,-3.965],[6.971,-11.378],[-7.614,-8.533]],"c":true}]},{"t":33.0000013441176,"s":[{"i":[[0.047,-8.815],[-13.223,-0.07],[-0.047,8.815],[13.223,0.071]],"o":[[-0.047,8.815],[13.224,0.07],[0.047,-8.816],[-13.223,-0.07]],"v":[[-23.943,-3.673],[-0.211,18.23],[23.943,-3.416],[0.798,-3.54]],"c":true}]}],"ix":2},"nm":"Path 1","mn":"ADBE Vector Shape - Group","hd":false},{"ty":"fl","c":{"a":0,"k":[0.999999940162,0.999999940162,1,1],"ix":4},"o":{"a":0,"k":100,"ix":5},"r":1,"bm":0,"nm":"Fill 1","mn":"ADBE Vector Graphic - Fill","hd":false},{"ty":"tr","p":{"a":0,"k":[1.735,15.001],"ix":2},"a":{"a":0,"k":[0,0],"ix":1},"s":{"a":0,"k":[100,100],"ix":3},"r":{"a":0,"k":0,"ix":6},"o":{"a":0,"k":100,"ix":7},"sk":{"a":0,"k":0,"ix":4},"sa":{"a":0,"k":0,"ix":5},"nm":"Transform"}],"nm":"Group 3","np":2,"cix":2,"bm":0,"ix":1,"mn":"ADBE Vector Group","hd":false}],"ip":0,"op":121.000004928431,"st":0,"bm":0},{"ddd":0,"ind":4,"ty":4,"nm":"Cheek R","parent":6,"sr":1,"ks":{"o":{"a":0,"k":100,"ix":11},"r":{"a":0,"k":0,"ix":10},"p":{"a":1,"k":[{"i":{"x":0.833,"y":0.833},"o":{"x":0.167,"y":0.167},"t":0,"s":[-120.222,-184.444,0],"to":[-0.667,-0.5,0],"ti":[0.667,0.5,0]},{"i":{"x":0.833,"y":0.833},"o":{"x":0.167,"y":0.167},"t":10,"s":[-124.222,-187.444,0],"to":[0,0,0],"ti":[0,0,0]},{"i":{"x":0.833,"y":0.833},"o":{"x":0.167,"y":0.167},"t":25,"s":[-124.222,-187.444,0],"to":[0.667,0.5,0],"ti":[-0.667,-0.5,0]},{"t":40.0000016292334,"s":[-120.222,-184.444,0]}],"ix":2,"x":"var $bm_rt;\nvar p = 0.8;\nvar a = 50;\nvar s = 1.70158;\nfunction easeandwizz_inOutQuad(t, b, c, d) {\n    if ((t /= d / 2) < 1)\n        return $bm_sum($bm_mul($bm_mul($bm_div(c, 2), t), t), b);\n    return $bm_sum($bm_mul($bm_div($bm_neg(c), 2), $bm_sub($bm_mul(--t, $bm_sub(t, 2)), 1)), b);\n}\nfunction easeAndWizz() {\n    var t, d, sX, eX, sY, eY, sZ, eZ, val1, val2, val2, val3;\n    var n = 0;\n    if (numKeys > 0) {\n        n = nearestKey(time).index;\n        if (key(n).time > time) {\n            n--;\n        }\n    }\n    try {\n        var key1 = key(n);\n        var key2 = key($bm_sum(n, 1));\n    } catch (e) {\n        return null;\n    }\n    var dim = 1;\n    try {\n        key(1)[1].length;\n        dim = 2;\n        key(1)[2].length;\n        dim = 3;\n    } catch (e) {\n    }\n    t = $bm_sub(time, key1.time);\n    d = $bm_sub(key2.time, key1.time);\n    sX = key1[0];\n    eX = $bm_sub(key2[0], key1[0]);\n    if (dim >= 2) {\n        sY = key1[1];\n        eY = $bm_sub(key2[1], key1[1]);\n        if (dim >= 3) {\n            sZ = key1[2];\n            eZ = $bm_sub(key2[2], key1[2]);\n        }\n    }\n    if (time < key1.time || time > key2.time) {\n        return value;\n    } else {\n        val1 = easeandwizz_inOutQuad(t, sX, eX, d, a, p, s);\n        switch (dim) {\n        case 1:\n            return val1;\n            break;\n        case 2:\n            val2 = easeandwizz_inOutQuad(t, sY, eY, d, a, p, s);\n            return [\n                val1,\n                val2\n            ];\n            break;\n        case 3:\n            val2 = easeandwizz_inOutQuad(t, sY, eY, d, a, p, s);\n            val3 = easeandwizz_inOutQuad(t, sZ, eZ, d, a, p, s);\n            return [\n                val1,\n                val2,\n                val3\n            ];\n            break;\n        default:\n            return null;\n        }\n    }\n}\n$bm_rt = easeAndWizz() || value;"},"a":{"a":0,"k":[0,0,0],"ix":1},"s":{"a":0,"k":[100.525,100,100],"ix":6}},"ao":0,"shapes":[{"ty":"gr","it":[{"ind":0,"ty":"sh","ix":1,"ks":{"a":0,"k":{"i":[[0,-8.448],[8.448,0],[0,8.448],[-8.448,0]],"o":[[0,8.448],[-8.448,0],[0,-8.448],[8.448,0]],"v":[[15.297,0],[0,15.297],[-15.297,0],[0,-15.297]],"c":true},"ix":2},"nm":"Path 1","mn":"ADBE Vector Shape - Group","hd":false},{"ty":"fl","c":{"a":0,"k":[0.914606610466,0.159194886451,0.055813235863,1],"ix":4},"o":{"a":0,"k":100,"ix":5},"r":1,"bm":0,"nm":"Fill 1","mn":"ADBE Vector Graphic - Fill","hd":false},{"ty":"tr","p":{"a":0,"k":[175.074,155.195],"ix":2},"a":{"a":0,"k":[0,0],"ix":1},"s":{"a":0,"k":[100,100],"ix":3},"r":{"a":0,"k":0,"ix":6},"o":{"a":0,"k":100,"ix":7},"sk":{"a":0,"k":0,"ix":4},"sa":{"a":0,"k":0,"ix":5},"nm":"Transform"}],"nm":"Group 1","np":2,"cix":2,"bm":0,"ix":1,"mn":"ADBE Vector Group","hd":false}],"ip":0,"op":121.000004928431,"st":0,"bm":0},{"ddd":0,"ind":5,"ty":4,"nm":"Cheek L","parent":7,"sr":1,"ks":{"o":{"a":0,"k":100,"ix":11},"r":{"a":0,"k":0,"ix":10},"p":{"a":1,"k":[{"i":{"x":0.833,"y":0.833},"o":{"x":0.167,"y":0.167},"t":0,"s":[-117.778,-183.444,0],"to":[-1.833,-2.333,0],"ti":[1.833,2.333,0]},{"i":{"x":0.833,"y":0.833},"o":{"x":0.167,"y":0.167},"t":10,"s":[-128.778,-197.444,0],"to":[0,0,0],"ti":[0,0,0]},{"i":{"x":0.833,"y":0.833},"o":{"x":0.167,"y":0.167},"t":25,"s":[-128.778,-197.444,0],"to":[1.833,2.333,0],"ti":[-1.833,-2.333,0]},{"t":40.0000016292334,"s":[-117.778,-183.444,0]}],"ix":2,"x":"var $bm_rt;\nvar p = 0.8;\nvar a = 50;\nvar s = 1.70158;\nfunction easeandwizz_inOutQuad(t, b, c, d) {\n    if ((t /= d / 2) < 1)\n        return $bm_sum($bm_mul($bm_mul($bm_div(c, 2), t), t), b);\n    return $bm_sum($bm_mul($bm_div($bm_neg(c), 2), $bm_sub($bm_mul(--t, $bm_sub(t, 2)), 1)), b);\n}\nfunction easeAndWizz() {\n    var t, d, sX, eX, sY, eY, sZ, eZ, val1, val2, val2, val3;\n    var n = 0;\n    if (numKeys > 0) {\n        n = nearestKey(time).index;\n        if (key(n).time > time) {\n            n--;\n        }\n    }\n    try {\n        var key1 = key(n);\n        var key2 = key($bm_sum(n, 1));\n    } catch (e) {\n        return null;\n    }\n    var dim = 1;\n    try {\n        key(1)[1].length;\n        dim = 2;\n        key(1)[2].length;\n        dim = 3;\n    } catch (e) {\n    }\n    t = $bm_sub(time, key1.time);\n    d = $bm_sub(key2.time, key1.time);\n    sX = key1[0];\n    eX = $bm_sub(key2[0], key1[0]);\n    if (dim >= 2) {\n        sY = key1[1];\n        eY = $bm_sub(key2[1], key1[1]);\n        if (dim >= 3) {\n            sZ = key1[2];\n            eZ = $bm_sub(key2[2], key1[2]);\n        }\n    }\n    if (time < key1.time || time > key2.time) {\n        return value;\n    } else {\n        val1 = easeandwizz_inOutQuad(t, sX, eX, d, a, p, s);\n        switch (dim) {\n        case 1:\n            return val1;\n            break;\n        case 2:\n            val2 = easeandwizz_inOutQuad(t, sY, eY, d, a, p, s);\n            return [\n                val1,\n                val2\n            ];\n            break;\n        case 3:\n            val2 = easeandwizz_inOutQuad(t, sY, eY, d, a, p, s);\n            val3 = easeandwizz_inOutQuad(t, sZ, eZ, d, a, p, s);\n            return [\n                val1,\n                val2,\n                val3\n            ];\n            break;\n        default:\n            return null;\n        }\n    }\n}\n$bm_rt = easeAndWizz() || value;"},"a":{"a":0,"k":[0,0,0],"ix":1},"s":{"a":0,"k":[100,100,100],"ix":6}},"ao":0,"shapes":[{"ty":"gr","it":[{"ind":0,"ty":"sh","ix":1,"ks":{"a":0,"k":{"i":[[0,-8.448],[8.448,0],[0,8.448],[-8.448,0]],"o":[[0,8.448],[-8.448,0],[0,-8.448],[8.448,0]],"v":[[15.297,0],[0,15.297],[-15.297,0],[0,-15.297]],"c":true},"ix":2},"nm":"Path 1","mn":"ADBE Vector Shape - Group","hd":false},{"ty":"fl","c":{"a":0,"k":[0.914606610466,0.159194886451,0.055813235863,1],"ix":4},"o":{"a":0,"k":100,"ix":5},"r":1,"bm":0,"nm":"Fill 1","mn":"ADBE Vector Graphic - Fill","hd":false},{"ty":"tr","p":{"a":0,"k":[59.35,155.195],"ix":2},"a":{"a":0,"k":[0,0],"ix":1},"s":{"a":0,"k":[100,100],"ix":3},"r":{"a":0,"k":0,"ix":6},"o":{"a":0,"k":100,"ix":7},"sk":{"a":0,"k":0,"ix":4},"sa":{"a":0,"k":0,"ix":5},"nm":"Transform"}],"nm":"Group 2","np":2,"cix":2,"bm":0,"ix":1,"mn":"ADBE Vector Group","hd":false}],"ip":0,"op":121.000004928431,"st":0,"bm":0},{"ddd":0,"ind":6,"ty":4,"nm":"Eye R","sr":1,"ks":{"o":{"a":1,"k":[{"i":{"x":[0.833],"y":[0.833]},"o":{"x":[0.167],"y":[0.167]},"t":20,"s":[100]},{"i":{"x":[0.833],"y":[0.833]},"o":{"x":[0.167],"y":[0.167]},"t":23,"s":[0]},{"t":25.0000010182709,"s":[100]}],"ix":11},"r":{"a":0,"k":0,"ix":10},"p":{"a":1,"k":[{"i":{"x":0.833,"y":0.833},"o":{"x":0.167,"y":0.167},"t":0,"s":[255,269,0],"to":[-5.667,-0.833,0],"ti":[5.667,0.833,0]},{"i":{"x":0.833,"y":0.833},"o":{"x":0.167,"y":0.167},"t":10,"s":[221,264,0],"to":[0,0,0],"ti":[0,0,0]},{"i":{"x":0.833,"y":0.833},"o":{"x":0.167,"y":0.167},"t":25,"s":[221,264,0],"to":[5.667,0.833,0],"ti":[-5.667,-0.833,0]},{"t":40.0000016292334,"s":[255,269,0]}],"ix":2,"x":"var $bm_rt;\nvar p = 0.8;\nvar a = 50;\nvar s = 1.70158;\nfunction easeandwizz_inOutQuad(t, b, c, d) {\n    if ((t /= d / 2) < 1)\n        return $bm_sum($bm_mul($bm_mul($bm_div(c, 2), t), t), b);\n    return $bm_sum($bm_mul($bm_div($bm_neg(c), 2), $bm_sub($bm_mul(--t, $bm_sub(t, 2)), 1)), b);\n}\nfunction easeAndWizz() {\n    var t, d, sX, eX, sY, eY, sZ, eZ, val1, val2, val2, val3;\n    var n = 0;\n    if (numKeys > 0) {\n        n = nearestKey(time).index;\n        if (key(n).time > time) {\n            n--;\n        }\n    }\n    try {\n        var key1 = key(n);\n        var key2 = key($bm_sum(n, 1));\n    } catch (e) {\n        return null;\n    }\n    var dim = 1;\n    try {\n        key(1)[1].length;\n        dim = 2;\n        key(1)[2].length;\n        dim = 3;\n    } catch (e) {\n    }\n    t = $bm_sub(time, key1.time);\n    d = $bm_sub(key2.time, key1.time);\n    sX = key1[0];\n    eX = $bm_sub(key2[0], key1[0]);\n    if (dim >= 2) {\n        sY = key1[1];\n        eY = $bm_sub(key2[1], key1[1]);\n        if (dim >= 3) {\n            sZ = key1[2];\n            eZ = $bm_sub(key2[2], key1[2]);\n        }\n    }\n    if (time < key1.time || time > key2.time) {\n        return value;\n    } else {\n        val1 = easeandwizz_inOutQuad(t, sX, eX, d, a, p, s);\n        switch (dim) {\n        case 1:\n            return val1;\n            break;\n        case 2:\n            val2 = easeandwizz_inOutQuad(t, sY, eY, d, a, p, s);\n            return [\n                val1,\n                val2\n            ];\n            break;\n        case 3:\n            val2 = easeandwizz_inOutQuad(t, sY, eY, d, a, p, s);\n            val3 = easeandwizz_inOutQuad(t, sZ, eZ, d, a, p, s);\n            return [\n                val1,\n                val2,\n                val3\n            ];\n            break;\n        default:\n            return null;\n        }\n    }\n}\n$bm_rt = easeAndWizz() || value;"},"a":{"a":0,"k":[0,0,0],"ix":1},"s":{"a":0,"k":[100,100,100],"ix":6}},"ao":0,"shapes":[{"ty":"gr","it":[{"ind":0,"ty":"sh","ix":1,"ks":{"a":0,"k":{"i":[[0,-2.571],[2.571,0],[0,2.571],[-2.572,0]],"o":[[0,2.571],[-2.572,0],[0,-2.571],[2.571,0]],"v":[[4.656,-0.001],[0.001,4.656],[-4.656,-0.001],[0.001,-4.656]],"c":true},"ix":2},"nm":"Path 1","mn":"ADBE Vector Shape - Group","hd":false},{"ty":"fl","c":{"a":0,"k":[0,0.090666497922,0.198067863315,1],"ix":4},"o":{"a":0,"k":100,"ix":5},"r":1,"bm":0,"nm":"Fill 1","mn":"ADBE Vector Graphic - Fill","hd":false},{"ty":"tr","p":{"a":0,"k":[46.066,-65.883],"ix":2},"a":{"a":0,"k":[0,0],"ix":1},"s":{"a":0,"k":[100,100],"ix":3},"r":{"a":0,"k":0,"ix":6},"o":{"a":0,"k":100,"ix":7},"sk":{"a":0,"k":0,"ix":4},"sa":{"a":0,"k":0,"ix":5},"nm":"Transform"}],"nm":"Group 4","np":2,"cix":2,"bm":0,"ix":1,"mn":"ADBE Vector Group","hd":false}],"ip":0,"op":121.000004928431,"st":0,"bm":0},{"ddd":0,"ind":7,"ty":4,"nm":"Eye L","sr":1,"ks":{"o":{"a":1,"k":[{"i":{"x":[0.833],"y":[0.833]},"o":{"x":[0.167],"y":[0.167]},"t":20,"s":[100]},{"i":{"x":[0.833],"y":[0.833]},"o":{"x":[0.167],"y":[0.167]},"t":23,"s":[0]},{"t":25.0000010182709,"s":[100]}],"ix":11},"r":{"a":0,"k":0,"ix":10},"p":{"a":1,"k":[{"i":{"x":0.833,"y":0.833},"o":{"x":0.167,"y":0.167},"t":0,"s":[255,269,0],"to":[-3.333,-2.167,0],"ti":[3.333,2.167,0]},{"i":{"x":0.833,"y":0.833},"o":{"x":0.167,"y":0.167},"t":10,"s":[235,256,0],"to":[0,0,0],"ti":[0,0,0]},{"i":{"x":0.833,"y":0.833},"o":{"x":0.167,"y":0.167},"t":25,"s":[235,256,0],"to":[3.333,2.167,0],"ti":[-3.333,-2.167,0]},{"t":40.0000016292334,"s":[255,269,0]}],"ix":2,"x":"var $bm_rt;\nvar p = 0.8;\nvar a = 50;\nvar s = 1.70158;\nfunction easeandwizz_inOutQuad(t, b, c, d) {\n    if ((t /= d / 2) < 1)\n        return $bm_sum($bm_mul($bm_mul($bm_div(c, 2), t), t), b);\n    return $bm_sum($bm_mul($bm_div($bm_neg(c), 2), $bm_sub($bm_mul(--t, $bm_sub(t, 2)), 1)), b);\n}\nfunction easeAndWizz() {\n    var t, d, sX, eX, sY, eY, sZ, eZ, val1, val2, val2, val3;\n    var n = 0;\n    if (numKeys > 0) {\n        n = nearestKey(time).index;\n        if (key(n).time > time) {\n            n--;\n        }\n    }\n    try {\n        var key1 = key(n);\n        var key2 = key($bm_sum(n, 1));\n    } catch (e) {\n        return null;\n    }\n    var dim = 1;\n    try {\n        key(1)[1].length;\n        dim = 2;\n        key(1)[2].length;\n        dim = 3;\n    } catch (e) {\n    }\n    t = $bm_sub(time, key1.time);\n    d = $bm_sub(key2.time, key1.time);\n    sX = key1[0];\n    eX = $bm_sub(key2[0], key1[0]);\n    if (dim >= 2) {\n        sY = key1[1];\n        eY = $bm_sub(key2[1], key1[1]);\n        if (dim >= 3) {\n            sZ = key1[2];\n            eZ = $bm_sub(key2[2], key1[2]);\n        }\n    }\n    if (time < key1.time || time > key2.time) {\n        return value;\n    } else {\n        val1 = easeandwizz_inOutQuad(t, sX, eX, d, a, p, s);\n        switch (dim) {\n        case 1:\n            return val1;\n            break;\n        case 2:\n            val2 = easeandwizz_inOutQuad(t, sY, eY, d, a, p, s);\n            return [\n                val1,\n                val2\n            ];\n            break;\n        case 3:\n            val2 = easeandwizz_inOutQuad(t, sY, eY, d, a, p, s);\n            val3 = easeandwizz_inOutQuad(t, sZ, eZ, d, a, p, s);\n            return [\n                val1,\n                val2,\n                val3\n            ];\n            break;\n        default:\n            return null;\n        }\n    }\n}\n$bm_rt = easeAndWizz() || value;"},"a":{"a":0,"k":[0,0,0],"ix":1},"s":{"a":1,"k":[{"i":{"x":[0.833,0.833,0.833],"y":[0.833,0.833,0.833]},"o":{"x":[0.167,0.167,0.167],"y":[0.167,0.167,0.167]},"t":0,"s":[100,100,100]},{"t":40.0000016292334,"s":[100,100,100]}],"ix":6,"x":"var $bm_rt;\nvar p = 0.8;\nvar a = 50;\nvar s = 1.70158;\nfunction easeandwizz_inOutQuad(t, b, c, d) {\n    if ((t /= d / 2) < 1)\n        return $bm_sum($bm_mul($bm_mul($bm_div(c, 2), t), t), b);\n    return $bm_sum($bm_mul($bm_div($bm_neg(c), 2), $bm_sub($bm_mul(--t, $bm_sub(t, 2)), 1)), b);\n}\nfunction easeAndWizz() {\n    var t, d, sX, eX, sY, eY, sZ, eZ, val1, val2, val2, val3;\n    var n = 0;\n    if (numKeys > 0) {\n        n = nearestKey(time).index;\n        if (key(n).time > time) {\n            n--;\n        }\n    }\n    try {\n        var key1 = key(n);\n        var key2 = key($bm_sum(n, 1));\n    } catch (e) {\n        return null;\n    }\n    var dim = 1;\n    try {\n        key(1)[1].length;\n        dim = 2;\n        key(1)[2].length;\n        dim = 3;\n    } catch (e) {\n    }\n    t = $bm_sub(time, key1.time);\n    d = $bm_sub(key2.time, key1.time);\n    sX = key1[0];\n    eX = $bm_sub(key2[0], key1[0]);\n    if (dim >= 2) {\n        sY = key1[1];\n        eY = $bm_sub(key2[1], key1[1]);\n        if (dim >= 3) {\n            sZ = key1[2];\n            eZ = $bm_sub(key2[2], key1[2]);\n        }\n    }\n    if (time < key1.time || time > key2.time) {\n        return value;\n    } else {\n        val1 = easeandwizz_inOutQuad(t, sX, eX, d, a, p, s);\n        switch (dim) {\n        case 1:\n            return val1;\n            break;\n        case 2:\n            val2 = easeandwizz_inOutQuad(t, sY, eY, d, a, p, s);\n            return [\n                val1,\n                val2\n            ];\n            break;\n        case 3:\n            val2 = easeandwizz_inOutQuad(t, sY, eY, d, a, p, s);\n            val3 = easeandwizz_inOutQuad(t, sZ, eZ, d, a, p, s);\n            return [\n                val1,\n                val2,\n                val3\n            ];\n            break;\n        default:\n            return null;\n        }\n    }\n}\n$bm_rt = easeAndWizz() || value;"}},"ao":0,"shapes":[{"ty":"gr","it":[{"ind":0,"ty":"sh","ix":1,"ks":{"a":0,"k":{"i":[[0,-2.571],[2.572,0],[0,2.571],[-2.571,0]],"o":[[0,2.571],[-2.571,0],[0,-2.571],[2.572,0]],"v":[[4.656,0],[-0.001,4.656],[-4.656,0],[-0.001,-4.656]],"c":true},"ix":2},"nm":"Path 1","mn":"ADBE Vector Shape - Group","hd":false},{"ty":"fl","c":{"a":0,"k":[0,0.090666497922,0.198067863315,1],"ix":4},"o":{"a":0,"k":100,"ix":5},"r":1,"bm":0,"nm":"Fill 1","mn":"ADBE Vector Graphic - Fill","hd":false},{"ty":"tr","p":{"a":0,"k":[-52.008,-67.158],"ix":2},"a":{"a":0,"k":[0,0],"ix":1},"s":{"a":0,"k":[100,100],"ix":3},"r":{"a":0,"k":0,"ix":6},"o":{"a":0,"k":100,"ix":7},"sk":{"a":0,"k":0,"ix":4},"sa":{"a":0,"k":0,"ix":5},"nm":"Transform"}],"nm":"Group 5","np":2,"cix":2,"bm":0,"ix":1,"mn":"ADBE Vector Group","hd":false}],"ip":0,"op":121.000004928431,"st":0,"bm":0},{"ddd":0,"ind":8,"ty":4,"nm":"Face","sr":1,"ks":{"o":{"a":0,"k":100,"ix":11},"r":{"a":1,"k":[{"i":{"x":[0.833],"y":[0.833]},"o":{"x":[0.167],"y":[0.167]},"t":0,"s":[0]},{"i":{"x":[0.833],"y":[0.833]},"o":{"x":[0.167],"y":[0.167]},"t":10,"s":[7]},{"i":{"x":[0.833],"y":[0.833]},"o":{"x":[0.167],"y":[0.167]},"t":25,"s":[7]},{"t":40.0000016292334,"s":[0]}],"ix":10,"x":"var $bm_rt;\nvar p = 0.8;\nvar a = 50;\nvar s = 1.70158;\nfunction easeandwizz_inOutQuad(t, b, c, d) {\n    if ((t /= d / 2) < 1)\n        return $bm_sum($bm_mul($bm_mul($bm_div(c, 2), t), t), b);\n    return $bm_sum($bm_mul($bm_div($bm_neg(c), 2), $bm_sub($bm_mul(--t, $bm_sub(t, 2)), 1)), b);\n}\nfunction easeAndWizz() {\n    var t, d, sX, eX, sY, eY, sZ, eZ, val1, val2, val2, val3;\n    var n = 0;\n    if (numKeys > 0) {\n        n = nearestKey(time).index;\n        if (key(n).time > time) {\n            n--;\n        }\n    }\n    try {\n        var key1 = key(n);\n        var key2 = key($bm_sum(n, 1));\n    } catch (e) {\n        return null;\n    }\n    var dim = 1;\n    try {\n        key(1)[1].length;\n        dim = 2;\n        key(1)[2].length;\n        dim = 3;\n    } catch (e) {\n    }\n    t = $bm_sub(time, key1.time);\n    d = $bm_sub(key2.time, key1.time);\n    sX = key1[0];\n    eX = $bm_sub(key2[0], key1[0]);\n    if (dim >= 2) {\n        sY = key1[1];\n        eY = $bm_sub(key2[1], key1[1]);\n        if (dim >= 3) {\n            sZ = key1[2];\n            eZ = $bm_sub(key2[2], key1[2]);\n        }\n    }\n    if (time < key1.time || time > key2.time) {\n        return value;\n    } else {\n        val1 = easeandwizz_inOutQuad(t, sX, eX, d, a, p, s);\n        switch (dim) {\n        case 1:\n            return val1;\n            break;\n        case 2:\n            val2 = easeandwizz_inOutQuad(t, sY, eY, d, a, p, s);\n            return [\n                val1,\n                val2\n            ];\n            break;\n        case 3:\n            val2 = easeandwizz_inOutQuad(t, sY, eY, d, a, p, s);\n            val3 = easeandwizz_inOutQuad(t, sZ, eZ, d, a, p, s);\n            return [\n                val1,\n                val2,\n                val3\n            ];\n            break;\n        default:\n            return null;\n        }\n    }\n}\n$bm_rt = easeAndWizz() || value;"},"p":{"a":1,"k":[{"i":{"x":0.833,"y":0.833},"o":{"x":0.167,"y":0.167},"t":0,"s":[248,126,0],"to":[0.667,-1,0],"ti":[-0.667,1,0]},{"i":{"x":0.833,"y":0.833},"o":{"x":0.167,"y":0.167},"t":10,"s":[252,120,0],"to":[0,0,0],"ti":[0,0,0]},{"t":25.0000010182709,"s":[252,120,0]}],"ix":2},"a":{"a":0,"k":[-1,-154,0],"ix":1},"s":{"a":0,"k":[100,100,100],"ix":6}},"ao":0,"shapes":[{"ty":"gr","it":[{"ind":0,"ty":"sh","ix":1,"ks":{"a":0,"k":{"i":[[0,-68.31],[44.92,1.23],[0,68.309],[-84.316,0.867]],"o":[[0,68.309],[-44.92,-1.231],[0,-68.309],[97.518,-1.003]],"v":[[90.432,11.344],[-1.255,131.952],[-96.634,7.652],[-0.884,-133.173]],"c":true},"ix":2},"nm":"Path 1","mn":"ADBE Vector Shape - Group","hd":false},{"ty":"fl","c":{"a":0,"k":[0.940450391582,0.354636368097,0.180323597029,1],"ix":4},"o":{"a":0,"k":100,"ix":5},"r":1,"bm":0,"nm":"Fill 1","mn":"ADBE Vector Graphic - Fill","hd":false},{"ty":"tr","p":{"a":0,"k":[2.469,-49.857],"ix":2},"a":{"a":0,"k":[0,0],"ix":1},"s":{"a":0,"k":[100,100],"ix":3},"r":{"a":0,"k":0,"ix":6},"o":{"a":0,"k":100,"ix":7},"sk":{"a":0,"k":0,"ix":4},"sa":{"a":0,"k":0,"ix":5},"nm":"Transform"}],"nm":"Group 7","np":4,"cix":2,"bm":0,"ix":1,"mn":"ADBE Vector Group","hd":false}],"ip":0,"op":121.000004928431,"st":0,"bm":0},{"ddd":0,"ind":9,"ty":4,"nm":"Ear R","parent":8,"sr":1,"ks":{"o":{"a":0,"k":100,"ix":11},"r":{"a":0,"k":0,"ix":10},"p":{"a":1,"k":[{"i":{"x":0.833,"y":0.833},"o":{"x":0.167,"y":0.167},"t":0,"s":[2,-9,0],"to":[0.087,-2.026,0],"ti":[-0.087,2.026,0]},{"i":{"x":0.833,"y":0.833},"o":{"x":0.167,"y":0.167},"t":10,"s":[2.523,-21.154,0],"to":[0,0,0],"ti":[0,0,0]},{"i":{"x":0.833,"y":0.833},"o":{"x":0.167,"y":0.167},"t":25,"s":[2.523,-21.154,0],"to":[-0.087,2.026,0],"ti":[0.087,-2.026,0]},{"t":50.0000020365418,"s":[2,-9,0]}],"ix":2,"x":"var $bm_rt;\nvar p = 0.8;\nvar a = 50;\nvar s = 1.70158;\nfunction easeandwizz_inOutQuad(t, b, c, d) {\n    if ((t /= d / 2) < 1)\n        return $bm_sum($bm_mul($bm_mul($bm_div(c, 2), t), t), b);\n    return $bm_sum($bm_mul($bm_div($bm_neg(c), 2), $bm_sub($bm_mul(--t, $bm_sub(t, 2)), 1)), b);\n}\nfunction easeAndWizz() {\n    var t, d, sX, eX, sY, eY, sZ, eZ, val1, val2, val2, val3;\n    var n = 0;\n    if (numKeys > 0) {\n        n = nearestKey(time).index;\n        if (key(n).time > time) {\n            n--;\n        }\n    }\n    try {\n        var key1 = key(n);\n        var key2 = key($bm_sum(n, 1));\n    } catch (e) {\n        return null;\n    }\n    var dim = 1;\n    try {\n        key(1)[1].length;\n        dim = 2;\n        key(1)[2].length;\n        dim = 3;\n    } catch (e) {\n    }\n    t = $bm_sub(time, key1.time);\n    d = $bm_sub(key2.time, key1.time);\n    sX = key1[0];\n    eX = $bm_sub(key2[0], key1[0]);\n    if (dim >= 2) {\n        sY = key1[1];\n        eY = $bm_sub(key2[1], key1[1]);\n        if (dim >= 3) {\n            sZ = key1[2];\n            eZ = $bm_sub(key2[2], key1[2]);\n        }\n    }\n    if (time < key1.time || time > key2.time) {\n        return value;\n    } else {\n        val1 = easeandwizz_inOutQuad(t, sX, eX, d, a, p, s);\n        switch (dim) {\n        case 1:\n            return val1;\n            break;\n        case 2:\n            val2 = easeandwizz_inOutQuad(t, sY, eY, d, a, p, s);\n            return [\n                val1,\n                val2\n            ];\n            break;\n        case 3:\n            val2 = easeandwizz_inOutQuad(t, sY, eY, d, a, p, s);\n            val3 = easeandwizz_inOutQuad(t, sZ, eZ, d, a, p, s);\n            return [\n                val1,\n                val2,\n                val3\n            ];\n            break;\n        default:\n            return null;\n        }\n    }\n}\n$bm_rt = easeAndWizz() || value;"},"a":{"a":0,"k":[0,0,0],"ix":1},"s":{"a":0,"k":[100,100,100],"ix":6}},"ao":0,"shapes":[{"ty":"gr","it":[{"ind":0,"ty":"sh","ix":1,"ks":{"a":0,"k":{"i":[[0,0],[-1.163,-29.104],[0,0]],"o":[[0,0],[1.164,29.104],[0,0]],"v":[[-10.368,-23.52],[12.757,0],[-12.795,25.24]],"c":true},"ix":2},"nm":"Path 1","mn":"ADBE Vector Shape - Group","hd":false},{"ty":"fl","c":{"a":0,"k":[0.914606610466,0.159194886451,0.055813235863,1],"ix":4},"o":{"a":0,"k":100,"ix":5},"r":1,"bm":0,"nm":"Fill 1","mn":"ADBE Vector Graphic - Fill","hd":false},{"ty":"tr","p":{"a":0,"k":[99.809,-43.948],"ix":2},"a":{"a":0,"k":[0,0],"ix":1},"s":{"a":0,"k":[100,100],"ix":3},"r":{"a":0,"k":0,"ix":6},"o":{"a":0,"k":100,"ix":7},"sk":{"a":0,"k":0,"ix":4},"sa":{"a":0,"k":0,"ix":5},"nm":"Transform"}],"nm":"Group 9","np":4,"cix":2,"bm":0,"ix":1,"mn":"ADBE Vector Group","hd":false}],"ip":0,"op":121.000004928431,"st":0,"bm":0},{"ddd":0,"ind":10,"ty":4,"nm":"Ear L","parent":8,"sr":1,"ks":{"o":{"a":0,"k":100,"ix":11},"r":{"a":0,"k":0,"ix":10},"p":{"a":1,"k":[{"i":{"x":0.833,"y":0.833},"o":{"x":0.167,"y":0.167},"t":0,"s":[2,-9,0],"to":[1.529,0.148,0],"ti":[-1.529,-0.148,0]},{"i":{"x":0.833,"y":0.833},"o":{"x":0.167,"y":0.167},"t":10,"s":[11.177,-8.112,0],"to":[0,0,0],"ti":[0,0,0]},{"i":{"x":0.833,"y":0.833},"o":{"x":0.167,"y":0.167},"t":25,"s":[11.177,-8.112,0],"to":[-1.529,-0.148,0],"ti":[1.529,0.148,0]},{"t":50.0000020365418,"s":[2,-9,0]}],"ix":2,"x":"var $bm_rt;\nvar p = 0.8;\nvar a = 50;\nvar s = 1.70158;\nfunction easeandwizz_inOutQuad(t, b, c, d) {\n    if ((t /= d / 2) < 1)\n        return $bm_sum($bm_mul($bm_mul($bm_div(c, 2), t), t), b);\n    return $bm_sum($bm_mul($bm_div($bm_neg(c), 2), $bm_sub($bm_mul(--t, $bm_sub(t, 2)), 1)), b);\n}\nfunction easeAndWizz() {\n    var t, d, sX, eX, sY, eY, sZ, eZ, val1, val2, val2, val3;\n    var n = 0;\n    if (numKeys > 0) {\n        n = nearestKey(time).index;\n        if (key(n).time > time) {\n            n--;\n        }\n    }\n    try {\n        var key1 = key(n);\n        var key2 = key($bm_sum(n, 1));\n    } catch (e) {\n        return null;\n    }\n    var dim = 1;\n    try {\n        key(1)[1].length;\n        dim = 2;\n        key(1)[2].length;\n        dim = 3;\n    } catch (e) {\n    }\n    t = $bm_sub(time, key1.time);\n    d = $bm_sub(key2.time, key1.time);\n    sX = key1[0];\n    eX = $bm_sub(key2[0], key1[0]);\n    if (dim >= 2) {\n        sY = key1[1];\n        eY = $bm_sub(key2[1], key1[1]);\n        if (dim >= 3) {\n            sZ = key1[2];\n            eZ = $bm_sub(key2[2], key1[2]);\n        }\n    }\n    if (time < key1.time || time > key2.time) {\n        return value;\n    } else {\n        val1 = easeandwizz_inOutQuad(t, sX, eX, d, a, p, s);\n        switch (dim) {\n        case 1:\n            return val1;\n            break;\n        case 2:\n            val2 = easeandwizz_inOutQuad(t, sY, eY, d, a, p, s);\n            return [\n                val1,\n                val2\n            ];\n            break;\n        case 3:\n            val2 = easeandwizz_inOutQuad(t, sY, eY, d, a, p, s);\n            val3 = easeandwizz_inOutQuad(t, sZ, eZ, d, a, p, s);\n            return [\n                val1,\n                val2,\n                val3\n            ];\n            break;\n        default:\n            return null;\n        }\n    }\n}\n$bm_rt = easeAndWizz() || value;"},"a":{"a":0,"k":[0,0,0],"ix":1},"s":{"a":0,"k":[100,100,100],"ix":6}},"ao":0,"shapes":[{"ty":"gr","it":[{"ind":0,"ty":"sh","ix":1,"ks":{"a":0,"k":{"i":[[0,0],[1.163,-29.104],[0,0]],"o":[[0,0],[-1.164,29.104],[0,0]],"v":[[10.368,-23.52],[-12.757,0],[12.795,25.24]],"c":true},"ix":2},"nm":"Path 1","mn":"ADBE Vector Shape - Group","hd":false},{"ty":"fl","c":{"a":0,"k":[0.914606610466,0.159194886451,0.055813235863,1],"ix":4},"o":{"a":0,"k":100,"ix":5},"r":1,"bm":0,"nm":"Fill 1","mn":"ADBE Vector Graphic - Fill","hd":false},{"ty":"tr","p":{"a":0,"k":[-104.385,-44.647],"ix":2},"a":{"a":0,"k":[0,0],"ix":1},"s":{"a":0,"k":[100,100],"ix":3},"r":{"a":0,"k":0,"ix":6},"o":{"a":0,"k":100,"ix":7},"sk":{"a":0,"k":0,"ix":4},"sa":{"a":0,"k":0,"ix":5},"nm":"Transform"}],"nm":"Group 8","np":4,"cix":2,"bm":0,"ix":1,"mn":"ADBE Vector Group","hd":false}],"ip":0,"op":121.000004928431,"st":0,"bm":0},{"ddd":0,"ind":12,"ty":4,"nm":"Background","sr":1,"ks":{"o":{"a":0,"k":100,"ix":11},"r":{"a":0,"k":0,"ix":10},"p":{"a":0,"k":[248,308,0],"ix":2},"a":{"a":0,"k":[0,0,0],"ix":1},"s":{"a":0,"k":[64.61,64.61,100],"ix":6}},"ao":0,"shapes":[{"ty":"gr","it":[{"ind":0,"ty":"sh","ix":1,"ks":{"a":0,"k":{"i":[[-162.044,0],[0,-162.044],[162.044,0],[0,162.044]],"o":[[162.044,0],[0,162.044],[-162.044,0],[0,-162.044]],"v":[[0,-293.406],[293.406,0],[0,293.406],[-293.406,0]],"c":true},"ix":2},"nm":"Path 1","mn":"ADBE Vector Shape - Group","hd":false},{"ty":"fl","c":{"a":0,"k":[1,0.600000023842,0,1],"ix":4},"o":{"a":0,"k":100,"ix":5},"r":1,"bm":0,"nm":"Fill 1","mn":"ADBE Vector Graphic - Fill","hd":false},{"ty":"tr","p":{"a":0,"k":[6.117,-109.477],"ix":2},"a":{"a":0,"k":[0,0],"ix":1},"s":{"a":0,"k":[100,100],"ix":3},"r":{"a":0,"k":0,"ix":6},"o":{"a":0,"k":100,"ix":7},"sk":{"a":0,"k":0,"ix":4},"sa":{"a":0,"k":0,"ix":5},"nm":"Transform"}],"nm":"Ellipse 1","np":3,"cix":2,"bm":0,"ix":1,"mn":"ADBE Vector Group","hd":false}],"ip":0,"op":121.000004928431,"st":0,"bm":0}]}],"layers":[{"ddd":0,"ind":1,"ty":0,"nm":"Step 2 - Help","refId":"comp_0","sr":1,"ks":{"o":{"a":0,"k":100,"ix":11},"r":{"a":0,"k":0,"ix":10},"p":{"a":0,"k":[250,314,0],"ix":2},"a":{"a":0,"k":[250,300,0],"ix":1},"s":{"a":0,"k":[100,100,100],"ix":6}},"ao":0,"w":500,"h":600,"ip":0,"op":121.000004928431,"st":0,"bm":0}],"markers":[]}